"filename", "language", "JavaScript", "XML", "TypeScript React", "TypeScript", "CSS", "JSON", "YAML", "HTML", "SQL", "Markdown", "Docker", "PHP", "comment", "blank", "total"
"/Users/Sameersahabudeen/Bauer Media Group/Bauer Adventure Design - SAMEER/All_Projects/Project_2021/image-annotator/Dockerfile", "Docker", 0, 0, 0, 0, 0, 0, 0, 0, 0, 0, 6, 0, 1, 1, 8
"/Users/Sameersahabudeen/Bauer Media Group/Bauer Adventure Design - SAMEER/All_Projects/Project_2021/image-annotator/README.md", "Markdown", 0, 0, 0, 0, 0, 0, 0, 0, 0, 16, 0, 0, 0, 7, 23
"/Users/Sameersahabudeen/Bauer Media Group/Bauer Adventure Design - SAMEER/All_Projects/Project_2021/image-annotator/build/asset-manifest.json", "JSON", 0, 0, 0, 0, 0, 23, 0, 0, 0, 0, 0, 0, 0, 0, 23
"/Users/Sameersahabudeen/Bauer Media Group/Bauer Adventure Design - SAMEER/All_Projects/Project_2021/image-annotator/build/index.html", "HTML", 0, 0, 0, 0, 0, 0, 0, 1, 0, 0, 0, 0, 0, 0, 1
"/Users/Sameersahabudeen/Bauer Media Group/Bauer Adventure Design - SAMEER/All_Projects/Project_2021/image-annotator/build/manifest.json", "JSON", 0, 0, 0, 0, 0, 15, 0, 0, 0, 0, 0, 0, 0, 1, 16
"/Users/Sameersahabudeen/Bauer Media Group/Bauer Adventure Design - SAMEER/All_Projects/Project_2021/image-annotator/build/precache-manifest.87f486f6fcc788054ace0178d50f2836.js", "JavaScript", 42, 0, 0, 0, 0, 0, 0, 0, 0, 0, 0, 0, 0, 0, 42
"/Users/Sameersahabudeen/Bauer Media Group/Bauer Adventure Design - SAMEER/All_Projects/Project_2021/image-annotator/build/reset.css", "CSS", 0, 0, 0, 0, 84, 0, 0, 0, 0, 0, 0, 0, 4, 4, 92
"/Users/Sameersahabudeen/Bauer Media Group/Bauer Adventure Design - SAMEER/All_Projects/Project_2021/image-annotator/build/service-worker.js", "JavaScript", 15, 0, 0, 0, 0, 0, 0, 0, 0, 0, 0, 0, 17, 8, 40
"/Users/Sameersahabudeen/Bauer Media Group/Bauer Adventure Design - SAMEER/All_Projects/Project_2021/image-annotator/build/static/css/2.61c7aef1.chunk.css", "CSS", 0, 0, 0, 0, 1, 0, 0, 0, 0, 0, 0, 0, 0, 0, 1
"/Users/Sameersahabudeen/Bauer Media Group/Bauer Adventure Design - SAMEER/All_Projects/Project_2021/image-annotator/build/static/css/main.4e9083d6.chunk.css", "CSS", 0, 0, 0, 0, 1, 0, 0, 0, 0, 0, 0, 0, 0, 0, 1
"/Users/Sameersahabudeen/Bauer Media Group/Bauer Adventure Design - SAMEER/All_Projects/Project_2021/image-annotator/build/static/js/2.d4d5e5f9.chunk.js", "JavaScript", 1, 0, 0, 0, 0, 0, 0, 0, 0, 0, 0, 0, 1, 0, 2
"/Users/Sameersahabudeen/Bauer Media Group/Bauer Adventure Design - SAMEER/All_Projects/Project_2021/image-annotator/build/static/js/main.6e0a75b6.chunk.js", "JavaScript", 1, 0, 0, 0, 0, 0, 0, 0, 0, 0, 0, 0, 0, 0, 1
"/Users/Sameersahabudeen/Bauer Media Group/Bauer Adventure Design - SAMEER/All_Projects/Project_2021/image-annotator/build/static/js/runtime-main.b05937ef.js", "JavaScript", 1, 0, 0, 0, 0, 0, 0, 0, 0, 0, 0, 0, 0, 0, 1
"/Users/Sameersahabudeen/Bauer Media Group/Bauer Adventure Design - SAMEER/All_Projects/Project_2021/image-annotator/build/static/media/UploadIcon.1cedb6e9.svg", "XML", 0, 1, 0, 0, 0, 0, 0, 0, 0, 0, 0, 0, 0, 0, 1
"/Users/Sameersahabudeen/Bauer Media Group/Bauer Adventure Design - SAMEER/All_Projects/Project_2021/image-annotator/build/static/media/drag.822d617f.svg", "XML", 0, 1, 0, 0, 0, 0, 0, 0, 0, 0, 0, 0, 0, 0, 1
"/Users/Sameersahabudeen/Bauer Media Group/Bauer Adventure Design - SAMEER/All_Projects/Project_2021/image-annotator/build/static/media/page_not_found.8781fc85.svg", "XML", 0, 93, 0, 0, 0, 0, 0, 0, 0, 0, 0, 0, 1, 1, 95
"/Users/Sameersahabudeen/Bauer Media Group/Bauer Adventure Design - SAMEER/All_Projects/Project_2021/image-annotator/docker-compose.yml", "YAML", 0, 0, 0, 0, 0, 0, 31, 0, 0, 0, 0, 0, 1, 5, 37
"/Users/Sameersahabudeen/Bauer Media Group/Bauer Adventure Design - SAMEER/All_Projects/Project_2021/image-annotator/img-annotator.sql", "SQL", 0, 0, 0, 0, 0, 0, 0, 0, 137, 0, 0, 0, 0, 22, 159
"/Users/Sameersahabudeen/Bauer Media Group/Bauer Adventure Design - SAMEER/All_Projects/Project_2021/image-annotator/package-WKS63752.json", "JSON", 0, 0, 0, 0, 0, 55, 0, 0, 0, 0, 0, 0, 0, 1, 56
"/Users/Sameersahabudeen/Bauer Media Group/Bauer Adventure Design - SAMEER/All_Projects/Project_2021/image-annotator/package-lock-WKS63752.json", "JSON", 0, 0, 0, 0, 0, 14391, 0, 0, 0, 0, 0, 0, 0, 1, 14392
"/Users/Sameersahabudeen/Bauer Media Group/Bauer Adventure Design - SAMEER/All_Projects/Project_2021/image-annotator/package-lock.json", "JSON", 0, 0, 0, 0, 0, 14213, 0, 0, 0, 0, 0, 0, 0, 1, 14214
"/Users/Sameersahabudeen/Bauer Media Group/Bauer Adventure Design - SAMEER/All_Projects/Project_2021/image-annotator/package.json", "JSON", 0, 0, 0, 0, 0, 49, 0, 0, 0, 0, 0, 0, 0, 1, 50
"/Users/Sameersahabudeen/Bauer Media Group/Bauer Adventure Design - SAMEER/All_Projects/Project_2021/image-annotator/public/index.html", "HTML", 0, 0, 0, 0, 0, 0, 0, 37, 0, 0, 0, 0, 17, 8, 62
"/Users/Sameersahabudeen/Bauer Media Group/Bauer Adventure Design - SAMEER/All_Projects/Project_2021/image-annotator/public/manifest.json", "JSON", 0, 0, 0, 0, 0, 15, 0, 0, 0, 0, 0, 0, 0, 1, 16
"/Users/Sameersahabudeen/Bauer Media Group/Bauer Adventure Design - SAMEER/All_Projects/Project_2021/image-annotator/public/reset.css", "CSS", 0, 0, 0, 0, 84, 0, 0, 0, 0, 0, 0, 0, 4, 4, 92
"/Users/Sameersahabudeen/Bauer Media Group/Bauer Adventure Design - SAMEER/All_Projects/Project_2021/image-annotator/server/api/allimages/index.php", "PHP", 0, 0, 0, 0, 0, 0, 0, 0, 0, 0, 0, 43, 2, 8, 53
"/Users/Sameersahabudeen/Bauer Media Group/Bauer Adventure Design - SAMEER/All_Projects/Project_2021/image-annotator/server/api/config/app_url.php", "PHP", 0, 0, 0, 0, 0, 0, 0, 0, 0, 0, 0, 27, 0, 8, 35
"/Users/Sameersahabudeen/Bauer Media Group/Bauer Adventure Design - SAMEER/All_Projects/Project_2021/image-annotator/server/api/config/core.php", "PHP", 0, 0, 0, 0, 0, 0, 0, 0, 0, 0, 0, 20, 4, 6, 30
"/Users/Sameersahabudeen/Bauer Media Group/Bauer Adventure Design - SAMEER/All_Projects/Project_2021/image-annotator/server/api/config/database.php", "PHP", 0, 0, 0, 0, 0, 0, 0, 0, 0, 0, 0, 23, 0, 7, 30
"/Users/Sameersahabudeen/Bauer Media Group/Bauer Adventure Design - SAMEER/All_Projects/Project_2021/image-annotator/server/api/config/header_config.php", "PHP", 0, 0, 0, 0, 0, 0, 0, 0, 0, 0, 0, 8, 4, 3, 15
"/Users/Sameersahabudeen/Bauer Media Group/Bauer Adventure Design - SAMEER/All_Projects/Project_2021/image-annotator/server/api/controller/image.php", "PHP", 0, 0, 0, 0, 0, 0, 0, 0, 0, 0, 0, 78, 16, 22, 116
"/Users/Sameersahabudeen/Bauer Media Group/Bauer Adventure Design - SAMEER/All_Projects/Project_2021/image-annotator/server/api/controller/login.php", "PHP", 0, 0, 0, 0, 0, 0, 0, 0, 0, 0, 0, 69, 18, 18, 105
"/Users/Sameersahabudeen/Bauer Media Group/Bauer Adventure Design - SAMEER/All_Projects/Project_2021/image-annotator/server/api/controller/marker.php", "PHP", 0, 0, 0, 0, 0, 0, 0, 0, 0, 0, 0, 53, 4, 14, 71
"/Users/Sameersahabudeen/Bauer Media Group/Bauer Adventure Design - SAMEER/All_Projects/Project_2021/image-annotator/server/api/controller/popup_widget.php", "PHP", 0, 0, 0, 0, 0, 0, 0, 0, 0, 0, 0, 122, 18, 27, 167
"/Users/Sameersahabudeen/Bauer Media Group/Bauer Adventure Design - SAMEER/All_Projects/Project_2021/image-annotator/server/api/controller/register.php", "PHP", 0, 0, 0, 0, 0, 0, 0, 0, 0, 0, 0, 38, 4, 8, 50
"/Users/Sameersahabudeen/Bauer Media Group/Bauer Adventure Design - SAMEER/All_Projects/Project_2021/image-annotator/server/api/controller/station.php", "PHP", 0, 0, 0, 0, 0, 0, 0, 0, 0, 0, 0, 34, 2, 11, 47
"/Users/Sameersahabudeen/Bauer Media Group/Bauer Adventure Design - SAMEER/All_Projects/Project_2021/image-annotator/server/api/functions/insert_default_data.php", "PHP", 0, 0, 0, 0, 0, 0, 0, 0, 0, 0, 0, 140, 18, 14, 172
"/Users/Sameersahabudeen/Bauer Media Group/Bauer Adventure Design - SAMEER/All_Projects/Project_2021/image-annotator/server/api/functions/jwt.php", "PHP", 0, 0, 0, 0, 0, 0, 0, 0, 0, 0, 0, 26, 6, 7, 39
"/Users/Sameersahabudeen/Bauer Media Group/Bauer Adventure Design - SAMEER/All_Projects/Project_2021/image-annotator/server/api/functions/validateRequest.php", "PHP", 0, 0, 0, 0, 0, 0, 0, 0, 0, 0, 0, 37, 2, 8, 47
"/Users/Sameersahabudeen/Bauer Media Group/Bauer Adventure Design - SAMEER/All_Projects/Project_2021/image-annotator/server/api/image/index.php", "PHP", 0, 0, 0, 0, 0, 0, 0, 0, 0, 0, 0, 72, 12, 9, 93
"/Users/Sameersahabudeen/Bauer Media Group/Bauer Adventure Design - SAMEER/All_Projects/Project_2021/image-annotator/server/api/index.php", "PHP", 0, 0, 0, 0, 0, 0, 0, 0, 0, 0, 0, 6, 1, 1, 8
"/Users/Sameersahabudeen/Bauer Media Group/Bauer Adventure Design - SAMEER/All_Projects/Project_2021/image-annotator/server/api/libs/php-jwt/src/BeforeValidException.php", "PHP", 0, 0, 0, 0, 0, 0, 0, 0, 0, 0, 0, 5, 0, 2, 7
"/Users/Sameersahabudeen/Bauer Media Group/Bauer Adventure Design - SAMEER/All_Projects/Project_2021/image-annotator/server/api/libs/php-jwt/src/ExpiredException.php", "PHP", 0, 0, 0, 0, 0, 0, 0, 0, 0, 0, 0, 5, 0, 2, 7
"/Users/Sameersahabudeen/Bauer Media Group/Bauer Adventure Design - SAMEER/All_Projects/Project_2021/image-annotator/server/api/libs/php-jwt/src/JWT.php", "PHP", 0, 0, 0, 0, 0, 0, 0, 0, 0, 0, 0, 201, 120, 21, 342
"/Users/Sameersahabudeen/Bauer Media Group/Bauer Adventure Design - SAMEER/All_Projects/Project_2021/image-annotator/server/api/libs/php-jwt/src/SignatureInvalidException.php", "PHP", 0, 0, 0, 0, 0, 0, 0, 0, 0, 0, 0, 5, 0, 2, 7
"/Users/Sameersahabudeen/Bauer Media Group/Bauer Adventure Design - SAMEER/All_Projects/Project_2021/image-annotator/server/api/libs/php_image_magician.php", "PHP", 0, 0, 0, 0, 0, 0, 0, 0, 0, 0, 0, 2363, 320, 612, 3295
"/Users/Sameersahabudeen/Bauer Media Group/Bauer Adventure Design - SAMEER/All_Projects/Project_2021/image-annotator/server/api/libs/vlucas_valitron/Valitron/Validator.php", "PHP", 0, 0, 0, 0, 0, 0, 0, 0, 0, 0, 0, 820, 596, 161, 1577
"/Users/Sameersahabudeen/Bauer Media Group/Bauer Adventure Design - SAMEER/All_Projects/Project_2021/image-annotator/server/api/libs/vlucas_valitron/lang/ar.php", "PHP", 0, 0, 0, 0, 0, 0, 0, 0, 0, 0, 0, 28, 0, 2, 30
"/Users/Sameersahabudeen/Bauer Media Group/Bauer Adventure Design - SAMEER/All_Projects/Project_2021/image-annotator/server/api/libs/vlucas_valitron/lang/az.php", "PHP", 0, 0, 0, 0, 0, 0, 0, 0, 0, 0, 0, 34, 0, 2, 36
"/Users/Sameersahabudeen/Bauer Media Group/Bauer Adventure Design - SAMEER/All_Projects/Project_2021/image-annotator/server/api/libs/vlucas_valitron/lang/bg.php", "PHP", 0, 0, 0, 0, 0, 0, 0, 0, 0, 0, 0, 34, 0, 2, 36
"/Users/Sameersahabudeen/Bauer Media Group/Bauer Adventure Design - SAMEER/All_Projects/Project_2021/image-annotator/server/api/libs/vlucas_valitron/lang/de.php", "PHP", 0, 0, 0, 0, 0, 0, 0, 0, 0, 0, 0, 33, 0, 2, 35
"/Users/Sameersahabudeen/Bauer Media Group/Bauer Adventure Design - SAMEER/All_Projects/Project_2021/image-annotator/server/api/libs/vlucas_valitron/lang/el.php", "PHP", 0, 0, 0, 0, 0, 0, 0, 0, 0, 0, 0, 34, 0, 2, 36
"/Users/Sameersahabudeen/Bauer Media Group/Bauer Adventure Design - SAMEER/All_Projects/Project_2021/image-annotator/server/api/libs/vlucas_valitron/lang/en.php", "PHP", 0, 0, 0, 0, 0, 0, 0, 0, 0, 0, 0, 41, 0, 2, 43
"/Users/Sameersahabudeen/Bauer Media Group/Bauer Adventure Design - SAMEER/All_Projects/Project_2021/image-annotator/server/api/libs/vlucas_valitron/lang/es.php", "PHP", 0, 0, 0, 0, 0, 0, 0, 0, 0, 0, 0, 36, 0, 2, 38
"/Users/Sameersahabudeen/Bauer Media Group/Bauer Adventure Design - SAMEER/All_Projects/Project_2021/image-annotator/server/api/libs/vlucas_valitron/lang/fi.php", "PHP", 0, 0, 0, 0, 0, 0, 0, 0, 0, 0, 0, 34, 0, 2, 36
"/Users/Sameersahabudeen/Bauer Media Group/Bauer Adventure Design - SAMEER/All_Projects/Project_2021/image-annotator/server/api/libs/vlucas_valitron/lang/fr.php", "PHP", 0, 0, 0, 0, 0, 0, 0, 0, 0, 0, 0, 39, 0, 2, 41
"/Users/Sameersahabudeen/Bauer Media Group/Bauer Adventure Design - SAMEER/All_Projects/Project_2021/image-annotator/server/api/libs/vlucas_valitron/lang/id.php", "PHP", 0, 0, 0, 0, 0, 0, 0, 0, 0, 0, 0, 33, 0, 2, 35
"/Users/Sameersahabudeen/Bauer Media Group/Bauer Adventure Design - SAMEER/All_Projects/Project_2021/image-annotator/server/api/libs/vlucas_valitron/lang/it.php", "PHP", 0, 0, 0, 0, 0, 0, 0, 0, 0, 0, 0, 34, 0, 2, 36
"/Users/Sameersahabudeen/Bauer Media Group/Bauer Adventure Design - SAMEER/All_Projects/Project_2021/image-annotator/server/api/libs/vlucas_valitron/lang/ja.php", "PHP", 0, 0, 0, 0, 0, 0, 0, 0, 0, 0, 0, 34, 0, 2, 36
"/Users/Sameersahabudeen/Bauer Media Group/Bauer Adventure Design - SAMEER/All_Projects/Project_2021/image-annotator/server/api/libs/vlucas_valitron/lang/ko.php", "PHP", 0, 0, 0, 0, 0, 0, 0, 0, 0, 0, 0, 34, 0, 2, 36
"/Users/Sameersahabudeen/Bauer Media Group/Bauer Adventure Design - SAMEER/All_Projects/Project_2021/image-annotator/server/api/libs/vlucas_valitron/lang/lt.php", "PHP", 0, 0, 0, 0, 0, 0, 0, 0, 0, 0, 0, 38, 0, 1, 39
"/Users/Sameersahabudeen/Bauer Media Group/Bauer Adventure Design - SAMEER/All_Projects/Project_2021/image-annotator/server/api/libs/vlucas_valitron/lang/lv.php", "PHP", 0, 0, 0, 0, 0, 0, 0, 0, 0, 0, 0, 31, 0, 2, 33
"/Users/Sameersahabudeen/Bauer Media Group/Bauer Adventure Design - SAMEER/All_Projects/Project_2021/image-annotator/server/api/libs/vlucas_valitron/lang/nb.php", "PHP", 0, 0, 0, 0, 0, 0, 0, 0, 0, 0, 0, 38, 1, 0, 39
"/Users/Sameersahabudeen/Bauer Media Group/Bauer Adventure Design - SAMEER/All_Projects/Project_2021/image-annotator/server/api/libs/vlucas_valitron/lang/nl.php", "PHP", 0, 0, 0, 0, 0, 0, 0, 0, 0, 0, 0, 34, 0, 2, 36
"/Users/Sameersahabudeen/Bauer Media Group/Bauer Adventure Design - SAMEER/All_Projects/Project_2021/image-annotator/server/api/libs/vlucas_valitron/lang/nn.php", "PHP", 0, 0, 0, 0, 0, 0, 0, 0, 0, 0, 0, 34, 0, 2, 36
"/Users/Sameersahabudeen/Bauer Media Group/Bauer Adventure Design - SAMEER/All_Projects/Project_2021/image-annotator/server/api/libs/vlucas_valitron/lang/no.php", "PHP", 0, 0, 0, 0, 0, 0, 0, 0, 0, 0, 0, 2, 0, 2, 4
"/Users/Sameersahabudeen/Bauer Media Group/Bauer Adventure Design - SAMEER/All_Projects/Project_2021/image-annotator/server/api/libs/vlucas_valitron/lang/pl.php", "PHP", 0, 0, 0, 0, 0, 0, 0, 0, 0, 0, 0, 34, 0, 2, 36
"/Users/Sameersahabudeen/Bauer Media Group/Bauer Adventure Design - SAMEER/All_Projects/Project_2021/image-annotator/server/api/libs/vlucas_valitron/lang/pt-br.php", "PHP", 0, 0, 0, 0, 0, 0, 0, 0, 0, 0, 0, 36, 0, 1, 37
"/Users/Sameersahabudeen/Bauer Media Group/Bauer Adventure Design - SAMEER/All_Projects/Project_2021/image-annotator/server/api/libs/vlucas_valitron/lang/ro.php", "PHP", 0, 0, 0, 0, 0, 0, 0, 0, 0, 0, 0, 34, 0, 2, 36
"/Users/Sameersahabudeen/Bauer Media Group/Bauer Adventure Design - SAMEER/All_Projects/Project_2021/image-annotator/server/api/libs/vlucas_valitron/lang/ru.php", "PHP", 0, 0, 0, 0, 0, 0, 0, 0, 0, 0, 0, 38, 0, 2, 40
"/Users/Sameersahabudeen/Bauer Media Group/Bauer Adventure Design - SAMEER/All_Projects/Project_2021/image-annotator/server/api/libs/vlucas_valitron/lang/sk.php", "PHP", 0, 0, 0, 0, 0, 0, 0, 0, 0, 0, 0, 34, 0, 2, 36
"/Users/Sameersahabudeen/Bauer Media Group/Bauer Adventure Design - SAMEER/All_Projects/Project_2021/image-annotator/server/api/libs/vlucas_valitron/lang/sl.php", "PHP", 0, 0, 0, 0, 0, 0, 0, 0, 0, 0, 0, 41, 0, 2, 43
"/Users/Sameersahabudeen/Bauer Media Group/Bauer Adventure Design - SAMEER/All_Projects/Project_2021/image-annotator/server/api/libs/vlucas_valitron/lang/sv.php", "PHP", 0, 0, 0, 0, 0, 0, 0, 0, 0, 0, 0, 34, 0, 2, 36
"/Users/Sameersahabudeen/Bauer Media Group/Bauer Adventure Design - SAMEER/All_Projects/Project_2021/image-annotator/server/api/libs/vlucas_valitron/lang/th.php", "PHP", 0, 0, 0, 0, 0, 0, 0, 0, 0, 0, 0, 34, 0, 2, 36
"/Users/Sameersahabudeen/Bauer Media Group/Bauer Adventure Design - SAMEER/All_Projects/Project_2021/image-annotator/server/api/libs/vlucas_valitron/lang/tr.php", "PHP", 0, 0, 0, 0, 0, 0, 0, 0, 0, 0, 0, 34, 0, 2, 36
"/Users/Sameersahabudeen/Bauer Media Group/Bauer Adventure Design - SAMEER/All_Projects/Project_2021/image-annotator/server/api/libs/vlucas_valitron/lang/uk.php", "PHP", 0, 0, 0, 0, 0, 0, 0, 0, 0, 0, 0, 33, 0, 2, 35
"/Users/Sameersahabudeen/Bauer Media Group/Bauer Adventure Design - SAMEER/All_Projects/Project_2021/image-annotator/server/api/libs/vlucas_valitron/lang/vi.php", "PHP", 0, 0, 0, 0, 0, 0, 0, 0, 0, 0, 0, 34, 0, 2, 36
"/Users/Sameersahabudeen/Bauer Media Group/Bauer Adventure Design - SAMEER/All_Projects/Project_2021/image-annotator/server/api/libs/vlucas_valitron/lang/zh-cn.php", "PHP", 0, 0, 0, 0, 0, 0, 0, 0, 0, 0, 0, 33, 0, 2, 35
"/Users/Sameersahabudeen/Bauer Media Group/Bauer Adventure Design - SAMEER/All_Projects/Project_2021/image-annotator/server/api/libs/vlucas_valitron/lang/zh-tw.php", "PHP", 0, 0, 0, 0, 0, 0, 0, 0, 0, 0, 0, 28, 0, 2, 30
"/Users/Sameersahabudeen/Bauer Media Group/Bauer Adventure Design - SAMEER/All_Projects/Project_2021/image-annotator/server/api/login/index.php", "PHP", 0, 0, 0, 0, 0, 0, 0, 0, 0, 0, 0, 52, 4, 10, 66
"/Users/Sameersahabudeen/Bauer Media Group/Bauer Adventure Design - SAMEER/All_Projects/Project_2021/image-annotator/server/api/login/test.php", "PHP", 0, 0, 0, 0, 0, 0, 0, 0, 0, 0, 0, 4, 5, 5, 14
"/Users/Sameersahabudeen/Bauer Media Group/Bauer Adventure Design - SAMEER/All_Projects/Project_2021/image-annotator/server/api/marker/index.php", "PHP", 0, 0, 0, 0, 0, 0, 0, 0, 0, 0, 0, 101, 2, 10, 113
"/Users/Sameersahabudeen/Bauer Media Group/Bauer Adventure Design - SAMEER/All_Projects/Project_2021/image-annotator/server/api/model/image.php", "PHP", 0, 0, 0, 0, 0, 0, 0, 0, 0, 0, 0, 172, 22, 41, 235
"/Users/Sameersahabudeen/Bauer Media Group/Bauer Adventure Design - SAMEER/All_Projects/Project_2021/image-annotator/server/api/model/marker.php", "PHP", 0, 0, 0, 0, 0, 0, 0, 0, 0, 0, 0, 221, 11, 40, 272
"/Users/Sameersahabudeen/Bauer Media Group/Bauer Adventure Design - SAMEER/All_Projects/Project_2021/image-annotator/server/api/model/popup_widget.php", "PHP", 0, 0, 0, 0, 0, 0, 0, 0, 0, 0, 0, 585, 60, 128, 773
"/Users/Sameersahabudeen/Bauer Media Group/Bauer Adventure Design - SAMEER/All_Projects/Project_2021/image-annotator/server/api/model/station.php", "PHP", 0, 0, 0, 0, 0, 0, 0, 0, 0, 0, 0, 49, 0, 14, 63
"/Users/Sameersahabudeen/Bauer Media Group/Bauer Adventure Design - SAMEER/All_Projects/Project_2021/image-annotator/server/api/model/user.php", "PHP", 0, 0, 0, 0, 0, 0, 0, 0, 0, 0, 0, 54, 8, 23, 85
"/Users/Sameersahabudeen/Bauer Media Group/Bauer Adventure Design - SAMEER/All_Projects/Project_2021/image-annotator/server/api/popup_widget/carousel_widget.php", "PHP", 0, 0, 0, 0, 0, 0, 0, 0, 0, 0, 0, 111, 14, 12, 137
"/Users/Sameersahabudeen/Bauer Media Group/Bauer Adventure Design - SAMEER/All_Projects/Project_2021/image-annotator/server/api/popup_widget/index.php", "PHP", 0, 0, 0, 0, 0, 0, 0, 0, 0, 0, 0, 106, 2, 13, 121
"/Users/Sameersahabudeen/Bauer Media Group/Bauer Adventure Design - SAMEER/All_Projects/Project_2021/image-annotator/server/api/popup_widget/save_order.php", "PHP", 0, 0, 0, 0, 0, 0, 0, 0, 0, 0, 0, 56, 6, 10, 72
"/Users/Sameersahabudeen/Bauer Media Group/Bauer Adventure Design - SAMEER/All_Projects/Project_2021/image-annotator/server/api/popup_widget/update_image.php", "PHP", 0, 0, 0, 0, 0, 0, 0, 0, 0, 0, 0, 56, 6, 10, 72
"/Users/Sameersahabudeen/Bauer Media Group/Bauer Adventure Design - SAMEER/All_Projects/Project_2021/image-annotator/server/api/register/index.php", "PHP", 0, 0, 0, 0, 0, 0, 0, 0, 0, 0, 0, 40, 6, 7, 53
"/Users/Sameersahabudeen/Bauer Media Group/Bauer Adventure Design - SAMEER/All_Projects/Project_2021/image-annotator/server/api/stations/index.php", "PHP", 0, 0, 0, 0, 0, 0, 0, 0, 0, 0, 0, 55, 3, 9, 67
"/Users/Sameersahabudeen/Bauer Media Group/Bauer Adventure Design - SAMEER/All_Projects/Project_2021/image-annotator/server/api/test.php", "PHP", 0, 0, 0, 0, 0, 0, 0, 0, 0, 0, 0, 4, 5, 5, 14
"/Users/Sameersahabudeen/Bauer Media Group/Bauer Adventure Design - SAMEER/All_Projects/Project_2021/image-annotator/server/api/test3.php", "PHP", 0, 0, 0, 0, 0, 0, 0, 0, 0, 0, 0, 7, 2, 7, 16
"/Users/Sameersahabudeen/Bauer Media Group/Bauer Adventure Design - SAMEER/All_Projects/Project_2021/image-annotator/server/api/token/index.php", "PHP", 0, 0, 0, 0, 0, 0, 0, 0, 0, 0, 0, 48, 2, 12, 62
"/Users/Sameersahabudeen/Bauer Media Group/Bauer Adventure Design - SAMEER/All_Projects/Project_2021/image-annotator/server/api/user/index.php", "PHP", 0, 0, 0, 0, 0, 0, 0, 0, 0, 0, 0, 40, 1, 4, 45
"/Users/Sameersahabudeen/Bauer Media Group/Bauer Adventure Design - SAMEER/All_Projects/Project_2021/image-annotator/server/api/user/test_user.php", "PHP", 0, 0, 0, 0, 0, 0, 0, 0, 0, 0, 0, 39, 2, 4, 45
"/Users/Sameersahabudeen/Bauer Media Group/Bauer Adventure Design - SAMEER/All_Projects/Project_2021/image-annotator/src/App.js", "JavaScript", 75, 0, 0, 0, 0, 0, 0, 0, 0, 0, 0, 0, 21, 9, 105
"/Users/Sameersahabudeen/Bauer Media Group/Bauer Adventure Design - SAMEER/All_Projects/Project_2021/image-annotator/src/Marker.css", "CSS", 0, 0, 0, 0, 1000, 0, 0, 0, 0, 0, 0, 0, 49, 128, 1177
"/Users/Sameersahabudeen/Bauer Media Group/Bauer Adventure Design - SAMEER/All_Projects/Project_2021/image-annotator/src/Structure.json", "JSON", 0, 0, 0, 0, 0, 29, 0, 0, 0, 0, 0, 0, 0, 2, 31
"/Users/Sameersahabudeen/Bauer Media Group/Bauer Adventure Design - SAMEER/All_Projects/Project_2021/image-annotator/src/api.js", "JavaScript", 18, 0, 0, 0, 0, 0, 0, 0, 0, 0, 0, 0, 0, 6, 24
"/Users/Sameersahabudeen/Bauer Media Group/Bauer Adventure Design - SAMEER/All_Projects/Project_2021/image-annotator/src/assets/drag.svg", "XML", 0, 1, 0, 0, 0, 0, 0, 0, 0, 0, 0, 0, 0, 0, 1
"/Users/Sameersahabudeen/Bauer Media Group/Bauer Adventure Design - SAMEER/All_Projects/Project_2021/image-annotator/src/assets/page_not_found.svg", "XML", 0, 93, 0, 0, 0, 0, 0, 0, 0, 0, 0, 0, 1, 1, 95
"/Users/Sameersahabudeen/Bauer Media Group/Bauer Adventure Design - SAMEER/All_Projects/Project_2021/image-annotator/src/components/DragAndDropUtil.js", "JavaScript", 63, 0, 0, 0, 0, 0, 0, 0, 0, 0, 0, 0, 2, 13, 78
"/Users/Sameersahabudeen/Bauer Media Group/Bauer Adventure Design - SAMEER/All_Projects/Project_2021/image-annotator/src/components/DraggableTest.js", "JavaScript", 374, 0, 0, 0, 0, 0, 0, 0, 0, 0, 0, 0, 27, 38, 439
"/Users/Sameersahabudeen/Bauer Media Group/Bauer Adventure Design - SAMEER/All_Projects/Project_2021/image-annotator/src/components/Editor/ColorPicker.js", "JavaScript", 46, 0, 0, 0, 0, 0, 0, 0, 0, 0, 0, 0, 0, 8, 54
"/Users/Sameersahabudeen/Bauer Media Group/Bauer Adventure Design - SAMEER/All_Projects/Project_2021/image-annotator/src/components/Editor/HotspotImage.js", "JavaScript", 1051, 0, 0, 0, 0, 0, 0, 0, 0, 0, 0, 0, 73, 127, 1251
"/Users/Sameersahabudeen/Bauer Media Group/Bauer Adventure Design - SAMEER/All_Projects/Project_2021/image-annotator/src/components/Editor/Marker.js", "JavaScript", 81, 0, 0, 0, 0, 0, 0, 0, 0, 0, 0, 0, 1, 9, 91
"/Users/Sameersahabudeen/Bauer Media Group/Bauer Adventure Design - SAMEER/All_Projects/Project_2021/image-annotator/src/components/Editor/MarkerEditorPanel.js", "JavaScript", 121, 0, 0, 0, 0, 0, 0, 0, 0, 0, 0, 0, 1, 11, 133
"/Users/Sameersahabudeen/Bauer Media Group/Bauer Adventure Design - SAMEER/All_Projects/Project_2021/image-annotator/src/components/Editor/Popup.js", "JavaScript", 385, 0, 0, 0, 0, 0, 0, 0, 0, 0, 0, 0, 3, 43, 431
"/Users/Sameersahabudeen/Bauer Media Group/Bauer Adventure Design - SAMEER/All_Projects/Project_2021/image-annotator/src/components/Editor/PopupWidgets.js", "JavaScript", 86, 0, 0, 0, 0, 0, 0, 0, 0, 0, 0, 0, 0, 9, 95
"/Users/Sameersahabudeen/Bauer Media Group/Bauer Adventure Design - SAMEER/All_Projects/Project_2021/image-annotator/src/components/Editor/Toast.js", "JavaScript", 36, 0, 0, 0, 0, 0, 0, 0, 0, 0, 0, 0, 0, 3, 39
"/Users/Sameersahabudeen/Bauer Media Group/Bauer Adventure Design - SAMEER/All_Projects/Project_2021/image-annotator/src/components/Embed/Hotspot.js", "JavaScript", 34, 0, 0, 0, 0, 0, 0, 0, 0, 0, 0, 0, 0, 6, 40
"/Users/Sameersahabudeen/Bauer Media Group/Bauer Adventure Design - SAMEER/All_Projects/Project_2021/image-annotator/src/components/Embed/Popup.js", "JavaScript", 134, 0, 0, 0, 0, 0, 0, 0, 0, 0, 0, 0, 2, 15, 151
"/Users/Sameersahabudeen/Bauer Media Group/Bauer Adventure Design - SAMEER/All_Projects/Project_2021/image-annotator/src/components/Embed/Text.tsx", "TypeScript React", 0, 0, 27, 0, 0, 0, 0, 0, 0, 0, 0, 0, 1, 9, 37
"/Users/Sameersahabudeen/Bauer Media Group/Bauer Adventure Design - SAMEER/All_Projects/Project_2021/image-annotator/src/components/Home/Analytics.js", "JavaScript", 22, 0, 0, 0, 0, 0, 0, 0, 0, 0, 0, 0, 0, 3, 25
"/Users/Sameersahabudeen/Bauer Media Group/Bauer Adventure Design - SAMEER/All_Projects/Project_2021/image-annotator/src/components/Home/Dashboard.js", "JavaScript", 9, 0, 0, 0, 0, 0, 0, 0, 0, 0, 0, 0, 0, 3, 12
"/Users/Sameersahabudeen/Bauer Media Group/Bauer Adventure Design - SAMEER/All_Projects/Project_2021/image-annotator/src/components/Home/Navbar.js", "JavaScript", 72, 0, 0, 0, 0, 0, 0, 0, 0, 0, 0, 0, 0, 7, 79
"/Users/Sameersahabudeen/Bauer Media Group/Bauer Adventure Design - SAMEER/All_Projects/Project_2021/image-annotator/src/components/Home/Pie.js", "JavaScript", 47, 0, 0, 0, 0, 0, 0, 0, 0, 0, 0, 0, 0, 4, 51
"/Users/Sameersahabudeen/Bauer Media Group/Bauer Adventure Design - SAMEER/All_Projects/Project_2021/image-annotator/src/components/Home/PlusButton.js", "JavaScript", 12, 0, 0, 0, 0, 0, 0, 0, 0, 0, 0, 0, 0, 4, 16
"/Users/Sameersahabudeen/Bauer Media Group/Bauer Adventure Design - SAMEER/All_Projects/Project_2021/image-annotator/src/components/ImageUtils.js", "JavaScript", 8, 0, 0, 0, 0, 0, 0, 0, 0, 0, 0, 0, 0, 0, 8
"/Users/Sameersahabudeen/Bauer Media Group/Bauer Adventure Design - SAMEER/All_Projects/Project_2021/image-annotator/src/components/Images.js", "JavaScript", 104, 0, 0, 0, 0, 0, 0, 0, 0, 0, 0, 0, 0, 11, 115
"/Users/Sameersahabudeen/Bauer Media Group/Bauer Adventure Design - SAMEER/All_Projects/Project_2021/image-annotator/src/components/Login.js", "JavaScript", 90, 0, 0, 0, 0, 0, 0, 0, 0, 0, 0, 0, 0, 13, 103
"/Users/Sameersahabudeen/Bauer Media Group/Bauer Adventure Design - SAMEER/All_Projects/Project_2021/image-annotator/src/components/PopupWidgets/PopupButtonWidget.js", "JavaScript", 263, 0, 0, 0, 0, 0, 0, 0, 0, 0, 0, 0, 1, 15, 279
"/Users/Sameersahabudeen/Bauer Media Group/Bauer Adventure Design - SAMEER/All_Projects/Project_2021/image-annotator/src/components/PopupWidgets/PopupCarouselWidget.js", "JavaScript", 838, 0, 0, 0, 0, 0, 0, 0, 0, 0, 0, 0, 196, 77, 1111
"/Users/Sameersahabudeen/Bauer Media Group/Bauer Adventure Design - SAMEER/All_Projects/Project_2021/image-annotator/src/components/PopupWidgets/PopupFreeTextWidget.js", "JavaScript", 233, 0, 0, 0, 0, 0, 0, 0, 0, 0, 0, 0, 1, 11, 245
"/Users/Sameersahabudeen/Bauer Media Group/Bauer Adventure Design - SAMEER/All_Projects/Project_2021/image-annotator/src/components/PopupWidgets/PopupHeaderWidget.js", "JavaScript", 232, 0, 0, 0, 0, 0, 0, 0, 0, 0, 0, 0, 2, 12, 246
"/Users/Sameersahabudeen/Bauer Media Group/Bauer Adventure Design - SAMEER/All_Projects/Project_2021/image-annotator/src/components/PopupWidgets/PopupImageWidget.js", "JavaScript", 250, 0, 0, 0, 0, 0, 0, 0, 0, 0, 0, 0, 3, 15, 268
"/Users/Sameersahabudeen/Bauer Media Group/Bauer Adventure Design - SAMEER/All_Projects/Project_2021/image-annotator/src/components/PopupWidgets/PopupParagraphWidget.js", "JavaScript", 224, 0, 0, 0, 0, 0, 0, 0, 0, 0, 0, 0, 2, 13, 239
"/Users/Sameersahabudeen/Bauer Media Group/Bauer Adventure Design - SAMEER/All_Projects/Project_2021/image-annotator/src/components/PopupWidgets/PopupVideoWidget.js", "JavaScript", 214, 0, 0, 0, 0, 0, 0, 0, 0, 0, 0, 0, 1, 10, 225
"/Users/Sameersahabudeen/Bauer Media Group/Bauer Adventure Design - SAMEER/All_Projects/Project_2021/image-annotator/src/components/PrivateRoute.js", "JavaScript", 66, 0, 0, 0, 0, 0, 0, 0, 0, 0, 0, 0, 2, 9, 77
"/Users/Sameersahabudeen/Bauer Media Group/Bauer Adventure Design - SAMEER/All_Projects/Project_2021/image-annotator/src/components/Widgets.js", "JavaScript", 110, 0, 0, 0, 0, 0, 0, 0, 0, 0, 0, 0, 1, 11, 122
"/Users/Sameersahabudeen/Bauer Media Group/Bauer Adventure Design - SAMEER/All_Projects/Project_2021/image-annotator/src/helper.js", "JavaScript", 11, 0, 0, 0, 0, 0, 0, 0, 0, 0, 0, 0, 1, 2, 14
"/Users/Sameersahabudeen/Bauer Media Group/Bauer Adventure Design - SAMEER/All_Projects/Project_2021/image-annotator/src/hooks/useCheckMobileScreen.js", "JavaScript", 15, 0, 0, 0, 0, 0, 0, 0, 0, 0, 0, 0, 0, 6, 21
"/Users/Sameersahabudeen/Bauer Media Group/Bauer Adventure Design - SAMEER/All_Projects/Project_2021/image-annotator/src/hooks/useFetchImage.js", "JavaScript", 74, 0, 0, 0, 0, 0, 0, 0, 0, 0, 0, 0, 0, 14, 88
"/Users/Sameersahabudeen/Bauer Media Group/Bauer Adventure Design - SAMEER/All_Projects/Project_2021/image-annotator/src/hooks/useGetImageNaturalData.js", "JavaScript", 39, 0, 0, 0, 0, 0, 0, 0, 0, 0, 0, 0, 0, 9, 48
"/Users/Sameersahabudeen/Bauer Media Group/Bauer Adventure Design - SAMEER/All_Projects/Project_2021/image-annotator/src/index.js", "JavaScript", 9, 0, 0, 0, 0, 0, 0, 0, 0, 0, 0, 0, 0, 2, 11
"/Users/Sameersahabudeen/Bauer Media Group/Bauer Adventure Design - SAMEER/All_Projects/Project_2021/image-annotator/src/lib/Marker.js", "JavaScript", 140, 0, 0, 0, 0, 0, 0, 0, 0, 0, 0, 0, 1, 30, 171
"/Users/Sameersahabudeen/Bauer Media Group/Bauer Adventure Design - SAMEER/All_Projects/Project_2021/image-annotator/src/pages/Allimages.js", "JavaScript", 10, 0, 0, 0, 0, 0, 0, 0, 0, 0, 0, 0, 0, 3, 13
"/Users/Sameersahabudeen/Bauer Media Group/Bauer Adventure Design - SAMEER/All_Projects/Project_2021/image-annotator/src/pages/EmbedPage.js", "JavaScript", 116, 0, 0, 0, 0, 0, 0, 0, 0, 0, 0, 0, 5, 21, 142
"/Users/Sameersahabudeen/Bauer Media Group/Bauer Adventure Design - SAMEER/All_Projects/Project_2021/image-annotator/src/pages/EmbedPageT.tsx", "TypeScript React", 0, 0, 73, 0, 0, 0, 0, 0, 0, 0, 0, 0, 98, 28, 199
"/Users/Sameersahabudeen/Bauer Media Group/Bauer Adventure Design - SAMEER/All_Projects/Project_2021/image-annotator/src/pages/Home.js", "JavaScript", 17, 0, 0, 0, 0, 0, 0, 0, 0, 0, 0, 0, 0, 2, 19
"/Users/Sameersahabudeen/Bauer Media Group/Bauer Adventure Design - SAMEER/All_Projects/Project_2021/image-annotator/src/pages/Image.js", "JavaScript", 6, 0, 0, 0, 0, 0, 0, 0, 0, 0, 0, 0, 0, 3, 9
"/Users/Sameersahabudeen/Bauer Media Group/Bauer Adventure Design - SAMEER/All_Projects/Project_2021/image-annotator/src/pages/NewImage.js", "JavaScript", 170, 0, 0, 0, 0, 0, 0, 0, 0, 0, 0, 0, 0, 16, 186
"/Users/Sameersahabudeen/Bauer Media Group/Bauer Adventure Design - SAMEER/All_Projects/Project_2021/image-annotator/src/react-app-env.d.ts", "TypeScript", 0, 0, 0, 0, 0, 0, 0, 0, 0, 0, 0, 0, 1, 1, 2
"/Users/Sameersahabudeen/Bauer Media Group/Bauer Adventure Design - SAMEER/All_Projects/Project_2021/image-annotator/src/reducers/EmbedReducer.js", "JavaScript", 29, 0, 0, 0, 0, 0, 0, 0, 0, 0, 0, 0, 0, 4, 33
"/Users/Sameersahabudeen/Bauer Media Group/Bauer Adventure Design - SAMEER/All_Projects/Project_2021/image-annotator/src/serviceWorker.js", "JavaScript", 98, 0, 0, 0, 0, 0, 0, 0, 0, 0, 0, 0, 31, 13, 142
"/Users/Sameersahabudeen/Bauer Media Group/Bauer Adventure Design - SAMEER/All_Projects/Project_2021/image-annotator/src/store/EmbedStore.js", "JavaScript", 15, 0, 0, 0, 0, 0, 0, 0, 0, 0, 0, 0, 0, 4, 19
"/Users/Sameersahabudeen/Bauer Media Group/Bauer Adventure Design - SAMEER/All_Projects/Project_2021/image-annotator/src/utils/ParseImageData.js", "JavaScript", 75, 0, 0, 0, 0, 0, 0, 0, 0, 0, 0, 0, 3, 17, 95
"/Users/Sameersahabudeen/Bauer Media Group/Bauer Adventure Design - SAMEER/All_Projects/Project_2021/image-annotator/tsconfig.json", "JSON", 0, 0, 0, 0, 0, 25, 0, 0, 0, 0, 0, 0, 0, 1, 26
"Total", "-", 6182, 189, 100, 0, 1170, 28815, 31, 38, 137, 16, 6, 7067, 1885, 2292, 47928